name,url,address,airport,distance,unit,rating,restname,mon,tue,wed,thur,fri,sat,sun,lat,long
Novotel Paris Les Halles,https://www.tripadvisor.com/Hotel_Review-g187147-d197424-Reviews-Novotel_Paris_Les_Halles-Paris_Ile_de_France.html,"8 Place Marguerite de Navarre, 75001 Paris France",ORY,9.0,mi,4.0,Le Jardin Privé,Monday 12:00 - 22:30,Tuesday 12:00 - 22:30,Wednesday 12:00 - 22:30,Thursday 12:00 - 22:30,Friday 12:00 - 22:30,Saturday 12:00 - 22:30,Sunday 12:00 - 22:30,48.86073,2.34652
citizenM Paris Champs-Élysées,https://www.tripadvisor.com/Hotel_Review-g187147-d23338812-Reviews-CitizenM_Paris_Champs_Elysees-Paris_Ile_de_France.html,"128 rue la Boetie, 75008 Paris France",ORY,10.0,mi,4.0,canteenM,Monday 6AM-11AM12PM-11PM,Tuesday 6AM-11AM12PM-11PM,Wednesday 6AM-11AM12PM-11PM,Thursday 6AM-11AM12PM-11PM,Friday 6AM-11AM12PM-11PM,Saturday 6AM-11AM12PM-11PM,Sunday 6AM-11AM12PM-11PM,48.87096,2.30596
Hotel Tourisme Avenue,https://www.tripadvisor.com/Hotel_Review-g187147-d558849-Reviews-Hotel_Tourisme_Avenue-Paris_Ile_de_France.html,"66 avenue de la Motte Picquet, 75015 Paris France",ORY,9.0,mi,4.0,Merci Jérôme,Monday 7AM-8PM,Tuesday 7AM-8PM,Wednesday 7AM-8PM,Thursday 7AM-8PM,Friday 7AM-8PM,Saturday 7AM-8PM,Sunday 7AM-8PM,48.8495,2.29816
Novotel Paris Centre Gare Montparnasse,https://www.tripadvisor.com/Hotel_Review-g187147-d597573-Reviews-Novotel_Paris_Centre_Gare_Montparnasse-Paris_Ile_de_France.html,"17 rue du Cotentin, 75015 Paris France",ORY,8.0,mi,4.0,Halle Quatre,"Monday 12:00 - 14:30, 19:00 - 22:30","Tuesday 12:00 - 14:30, 19:00 - 22:30","Wednesday 12:00 - 14:30, 19:00 - 22:30","Thursday 12:00 - 14:30, 19:00 - 22:30","Friday 12:00 - 14:30, 19:00 - 22:30",Saturday Closed,Sunday Closed,48.83858,2.31504
Pullman Paris Centre - Bercy,https://www.tripadvisor.com/Hotel_Review-g187147-d207838-Reviews-Pullman_Paris_Centre_Bercy-Paris_Ile_de_France.html,"1 rue de Libourne Cour Saint-Emilion, 75012 Paris France",ORY,7.0,mi,4.0,Ariette - Restaurant & Bar,Monday 12:00 - 22:30,Tuesday 12:00 - 22:30,Wednesday 12:00 - 22:30,Thursday 12:00 - 22:30,Friday 12:00 - 22:30,Saturday 12:00 - 22:30,Sunday 12:00 - 22:30,48.831470012121,2.387207011873
25hours Hotel Terminus Nord,https://www.tripadvisor.com/Hotel_Review-g187147-d653824-Reviews-25hours_Hotel_Terminus_Nord-Paris_Ile_de_France.html,"12 boulevard de Denain, 75010 Paris France",ORY,11.0,mi,4.0,Neni Paris,Monday 7:30AM-10:30AM12PM-11PM,Tuesday 7:30AM-10:30AM12PM-11PM,Wednesday 7:30AM-10:30AM12PM-11PM,Thursday 7:30AM-10:30AM12PM-11PM,Friday 7:30AM-10:30AM12PM-11PM,Saturday 7:30AM-10:30AM12PM-11PM,Sunday 7:30AM-10:30AM12PM-11PM,48.879657,2.3549177
Hyatt Regency Paris Etoile,https://www.tripadvisor.com/Hotel_Review-g187147-d595754-Reviews-Hyatt_Regency_Paris_Etoile-Paris_Ile_de_France.html,"3 Place du General Koenig, 75017 Paris France",ORY,11.0,mi,4.0,MAYO - Hyatt Regency Paris Etoile,Monday 12:00 - 22:00,Tuesday 12:00 - 22:00,Wednesday 12:00 - 22:00,Thursday 12:00 - 22:00,Friday 12:00 - 22:00,Saturday 12:00 - 22:00,Sunday 12:00 - 22:00,48.8805372,2.2845671
Hilton Paris Opera,https://www.tripadvisor.com/Hotel_Review-g187147-d207718-Reviews-Hilton_Paris_Opera-Paris_Ile_de_France.html,"108 Rue Saint-Lazare, 75008 Paris France",ORY,10.0,mi,4.0,Le Grand Salon,Monday 7:30AM-1AM,Tuesday 7:30AM-1AM,Wednesday 7:30AM-1AM,Thursday 7:30AM-1AM,Friday 7:30AM-1AM,Saturday 10:30AM-1AM,Sunday 10:30AM-11PM,48.84578,2.3717793
Canopy By Hilton Paris Trocadero,https://www.tripadvisor.com/Hotel_Review-g187147-d21281646-Reviews-Canopy_By_Hilton_Paris_Trocadero-Paris_Ile_de_France.html,"16 Avenue d Eylau, 75116 Paris France",ORY,10.0,mi,4.0,L'Esprit Nouveau,Monday 7AM-10:30AM,Tuesday 7AM-10:30AM,Wednesday 7AM-10:30AM,Thursday 7AM-10:30AM,Friday 7AM-10:30AM,Saturday 7AM-10:30AM,Sunday 7AM-10:30AM,48.864380990281,2.285046239109
Hotel Westminster,https://www.tripadvisor.com/Hotel_Review-g187147-d197477-Reviews-Hotel_Westminster-Paris_Ile_de_France.html,"13 Rue de la Paix, 75002 Paris France",ORY,10.0,mi,4.0,Duke’s Bar & Restaurant  – Hôtel Westminster Paris,Monday 07:00 - 23:00,Tuesday 07:00 - 23:30,Wednesday 07:00 - 23:00,Thursday 07:00 - 23:00,Friday 07:00 - 23:00,Saturday 07:00 - 24:00,Sunday 07:00 - 24:00,48.8693321,2.3311085
Courtyard by Marriott Paris Gare de Lyon,https://www.tripadvisor.com/Hotel_Review-g187147-d15243992-Reviews-Courtyard_by_Marriott_Paris_Gare_de_Lyon-Paris_Ile_de_France.html,"209 rue de Bercy, 75012 Paris France",ORY,8.0,mi,4.0,Kitchen & Bar,Monday 12PM-10:30PM,Tuesday 12PM-10:30PM,Wednesday 12PM-10:30PM,Thursday 12PM-10:30PM,Friday 12PM-10:30PM,Saturday 12PM-10:30PM,Sunday 12PM-10:30PM,48.8450747,2.371365
1K Paris,https://www.tripadvisor.com/Hotel_Review-g187147-d472236-Reviews-1K_Paris-Paris_Ile_de_France.html,"13 boulevard du Temple, 75003 Paris France",ORY,9.0,mi,4.0,INKA restaurant,Monday 12PM-2PM7PM-10:30PM,Tuesday 12PM-2PM7PM-10:30PM,Wednesday 12PM-2PM7PM-10:30PM,Thursday 12PM-2PM7PM-10:30PM,Friday 12PM-2PM7PM-10:30PM,Saturday 7PM-10:30PM,Sunday 12PM-2:30PM,48.8639586,2.3659619
L'Empire Paris,https://www.tripadvisor.com/Hotel_Review-g187147-d647228-Reviews-L_Empire_Paris-Paris_Ile_de_France.html,"48 rue de l Arbre Sec, 75001 Paris France",ORY,9.0,mi,4.0,L'Empire Café,Unknown,Unknown,Unknown,Unknown,Unknown,Unknown,Unknown,,
Novotel Paris Centre Bercy,https://www.tripadvisor.com/Hotel_Review-g187147-d197487-Reviews-Novotel_Paris_Centre_Bercy-Paris_Ile_de_France.html,"85 rue de Bercy, 75012 Paris France",ORY,8.0,mi,4.0,Le Paris Bercy,"Monday 12:00 - 14:30, 18:30 - 22:30","Tuesday 12:00 - 14:30, 18:30 - 22:30","Wednesday 12:00 - 14:30, 18:30 - 22:30","Thursday 12:00 - 14:30, 18:30 - 22:30","Friday 12:00 - 14:30, 18:30 - 22:30","Saturday 12:00 - 14:30, 18:30 - 22:30","Sunday 12:00 - 14:30, 18:30 - 22:30",48.8388735,2.3806315
Le Grand Quartier,https://www.tripadvisor.com/Hotel_Review-g187147-d19101450-Reviews-Le_Grand_Quartier-Paris_Ile_de_France.html,"15 rue de Nancy, 75010 Paris France",ORY,10.0,mi,4.0,BABINES,Monday - Closed,Tuesday 19:30 - 22:30,Wednesday 19:30 - 22:30,Thursday 19:30 - 22:30,Friday 19:30 - 22:30,Saturday 19:30 - 22:30,Sunday - Closed,48.8723226,2.358486
La Villa Haussmann,https://www.tripadvisor.com/Hotel_Review-g187147-d11666465-Reviews-La_Villa_Haussmann-Paris_Ile_de_France.html,"132 boulevard Haussmann, 75008 Paris France",ORY,10.0,mi,4.0,N3 Villa Haussmann,Monday 12:00 - 14:30,Tuesday 12:00 - 14:30,Wednesday 12:00 - 14:30,Thursday 12:00 - 14:30,Friday 12:00 - 14:30,Saturday - Closed,Sunday - Closed,48.8752929,2.3167096
Novotel Paris 17,https://www.tripadvisor.com/Hotel_Review-g187147-d259318-Reviews-Novotel_Paris_17-Paris_Ile_de_France.html,"34 avenue de la Porte D Asnieres, 75017 Paris France",ORY,12.0,mi,4.0,Bistro Carvi ,Monday 19:00 - 22:30,Tuesday 19:00 - 22:30,Wednesday 19:00 - 22:30,Thursday 19:00 - 22:30,Friday 19:00 - 22:30,Saturday 19:00 - 22:30,Sunday 19:00 - 22:30,48.891779020844,2.30201401855
Hotel des Grands Boulevards,https://www.tripadvisor.com/Hotel_Review-g187147-d12995518-Reviews-Hotel_des_Grands_Boulevards-Paris_Ile_de_France.html,"17 boulevard Poissonniere, 75002 Paris France",ORY,10.0,mi,4.0,Restaurant,"Monday 07:00 - 11:00, 12:00 - 15:00, 19:00 - 00:00","Tuesday 07:00 - 11:00, 12:00 - 15:00, 19:00 - 00:00","Wednesday 07:00 - 11:00, 12:00 - 15:00, 19:00 - 00:00","Thursday 07:00 - 11:00, 12:00 - 15:00","Friday 07:00 - 11:00, 12:00 - 15:00","Saturday 07:00 - 11:00, 12:00 - 15:00","Sunday 07:00 - 11:00, 12:00 - 16:00, 19:00 - 00:00",48.8710173,2.3449353
Le Belleval,https://www.tripadvisor.com/Hotel_Review-g187147-d13568674-Reviews-Le_Belleval-Paris_Ile_de_France.html,"16 rue de la Pepiniere, 75008 Paris France",ORY,10.0,mi,4.0,Le Belleval,Monday 12:00 - 14:00,Tuesday 12:00 - 14:00,Wednesday 12:00 - 14:00,Thursday 12:00 - 14:00,Friday 12:00 - 14:00,Saturday - Closed,Sunday - Closed,48.8751689,2.3221056
"Maison Astor Paris, Curio Collection by Hilton",https://www.tripadvisor.com/Hotel_Review-g187147-d229443-Reviews-Maison_Astor_Paris_Curio_Collection_by_Hilton-Paris_Ile_de_France.html,"11 Rue d’Astorg, 75008 Paris France",ORY,11.0,mi,4.0,Maison Astor Paris,Monday 12:00 - 14:00,Tuesday 12:00 - 14:00,Wednesday 12:00 - 14:00,Thursday 12:00 - 14:00,Friday 12:00 - 14:00,Saturday - Closed,Sunday - Closed,48.8728414,2.3193943
Hotel Observatoire Luxembourg,https://www.tripadvisor.com/Hotel_Review-g187147-d325717-Reviews-Hotel_Observatoire_Luxembourg-Paris_Ile_de_France.html,"107 Boulevard Saint Michel, 75005 Paris France",ORY,8.0,mi,4.0,Le Luco,Monday 07:00 - 22:00,Tuesday 07:00 - 22:00,Wednesday 07:00 - 22:00,Thursday 07:00 - 22:00,Friday 07:00 - 22:00,Saturday 07:00 - 22:00,Sunday - Closed,48.8436885,2.3390487
Mercure Paris Gare Montparnasse,https://www.tripadvisor.com/Hotel_Review-g187147-d269058-Reviews-Mercure_Paris_Gare_Montparnasse-Paris_Ile_de_France.html,"20 rue de la Gaite, 75014 Paris France",ORY,8.0,mi,4.0,Le Bistrot Le Bistrot de l'Echanson,Monday 12PM-11PM,Tuesday 12PM-11:15PM,Wednesday 12PM-11PM,Thursday 12PM-11PM,Friday 12PM-11PM,Saturday 4PM-11PM,Sunday Closed,48.8398289,2.3235832
Hotel Bachaumont,https://www.tripadvisor.com/Hotel_Review-g187147-d7776432-Reviews-Hotel_Bachaumont-Paris_Ile_de_France.html,"18 rue Bachaumont, 75002 Paris France",ORY,10.0,mi,4.0,Restaurant Bachaumont,Monday 7:30AM-2AM,Tuesday 7:30AM-2AM,Wednesday 7:30AM-2AM,Thursday 7:30AM-2AM,Friday 7:30AM-2AM,Saturday 7:30AM-2AM,Sunday 7:30AM-2AM,48.8661859,2.345032
Renaissance Paris Nobel Tour Eiffel Hotel,https://www.tripadvisor.com/Hotel_Review-g187147-d207743-Reviews-Renaissance_Paris_Nobel_Tour_Eiffel_Hotel-Paris_Ile_de_France.html,"55-57 Avenue Raymond Poincare, 75116 Paris France",ORY,10.0,mi,4.0,Le relais du Parc,Monday 12PM-2:30PM7PM-10:30PM,Tuesday 12PM-2:30PM7PM-10:30PM,Wednesday 12PM-2:30PM7PM-10:30PM,Thursday 12PM-2:30PM7PM-10:30PM,Friday 12PM-2:30PM7PM-10:30PM,Saturday 7PM-10:30PM,Sunday 12:30PM-3PM,48.867344056698,2.285868423676
Novotel Paris Vaugirard Montparnasse,https://www.tripadvisor.com/Hotel_Review-g187147-d197658-Reviews-Novotel_Paris_Vaugirard_Montparnasse-Paris_Ile_de_France.html,"257 rue de Vaugirard, 75015 Paris France",ORY,8.0,mi,4.0,Quindici Trattoria,"Monday 12:00 - 14:30, 19:00 - 23:00","Tuesday 12:00 - 14:30, 19:00 - 23:00","Wednesday 12:00 - 14:30, 19:00 - 23:00","Thursday 12:00 - 14:30, 19:00 - 23:00","Friday 12:00 - 14:30, 19:00 - 23:00",Saturday 19:00 - 23:00,Sunday 19:00 - 23:00,48.8401287,2.303616
Paris Marriott Opera Ambassador Hotel,https://www.tripadvisor.com/Hotel_Review-g187147-d197578-Reviews-Paris_Marriott_Opera_Ambassador_Hotel-Paris_Ile_de_France.html,"16 Boulevard Haussmann, 75009 Paris France",ORY,10.0,mi,4.0,Sixtine,"Monday 12:30 - 14:00, 18:30 - 22:00","Tuesday 12:30 - 14:00, 18:30 - 22:00","Wednesday 12:30 - 14:00, 18:30 - 22:00","Thursday 12:30 - 14:00, 18:30 - 22:00","Friday 12:30 - 14:00, 18:30 - 22:00",Saturday 18:30 - 22:00,Sunday - Closed,48.8726082,2.3366637
Novotel Paris 20 Belleville,https://www.tripadvisor.com/Hotel_Review-g187147-d19888020-Reviews-Novotel_Paris_20_Belleville-Paris_Ile_de_France.html,"64 74 Boulevard De Belleville, 75019 Paris France",ORY,10.0,mi,4.0,Mozami Belleville,"Monday 12:00 - 14:30, 19:00 - 22:30","Tuesday 12:00 - 14:30, 19:00 - 22:30","Wednesday 12:00 - 14:30, 19:00 - 22:30","Thursday 12:00 - 14:30, 19:00 - 22:30","Friday 12:00 - 14:30, 19:00 - 22:30",Saturday 19:00 - 22:30,"Sunday 11:00 - 14:30, 19:00 - 22:30",48.869483,2.3806087
Novotel Paris Centre Tour Eiffel,https://www.tripadvisor.com/Hotel_Review-g187147-d233528-Reviews-Novotel_Paris_Centre_Tour_Eiffel-Paris_Ile_de_France.html,"61 Quai de Grenelle, 75015 Paris France",ORY,9.0,mi,4.0,GREEM,Closed,Closed,Closed,Closed,Closed,Closed,Closed,48.8500212,2.2832769
Mercure Paris Gare Montparnasse TGV,https://www.tripadvisor.com/Hotel_Review-g187147-d483116-Reviews-Mercure_Paris_Gare_Montparnasse_TGV-Paris_Ile_de_France.html,"40 rue du Commandant Rene Mouchotte Place de Catalogne, 75014 Paris France",ORY,8.0,mi,4.0,Restaurant Le ô'40,Monday 12PM-10:30PM,Tuesday 12PM-10:30PM,Wednesday 12PM-10:30PM,Thursday 12PM-10:30PM,Friday 12PM-10:30PM,Saturday Closed,Sunday Closed,48.837749985437,2.318537012822
Dandy Hotel & Kitchen,https://www.tripadvisor.com/Hotel_Review-g187147-d23765200-Reviews-Dandy_Hotel_Kitchen-Paris_Ile_de_France.html,"86 rue Saint Denis, 75001 Paris France",ORY,9.0,mi,4.0,Dandy Hôtel & Kitchen,Monday 07:00 - 24:00,Tuesday 07:00 - 24:00,Wednesday 07:00 - 24:00,Thursday 12:00 - 22:00,Friday 12:00 - 22:00,Saturday 12:00 - 22:00,Sunday 12:00 - 22:00,48.862333017803,2.34951904153
Zoku Paris,https://www.tripadvisor.com/Hotel_Review-g187147-d25425566-Reviews-Zoku_Paris-Paris_Ile_de_France.html,"48 Avenue De La Porte De Clichy, 75017 Paris France",ORY,12.0,mi,4.0,Living Kitchen,Monday 7AM-10PM,Tuesday 7AM-10PM,Wednesday 7AM-10PM,Thursday 7AM-10PM,Friday 7AM-10PM,Saturday 8AM-10PM,Sunday 8AM-10PM,48.895887997419,2.311235034052
Hôtel Monsieur Aristide,https://www.booking.com/hotel/fr/monsieur-aristide-paris1.en-gb.html?aid=304142&label=gen173nr-1FCAQoggJCHnNlYXJjaF9ob3RlbCBtb25zaWV1ciBhcmlzdGlkZUgJWARo-wGIAQGYAQm4ARfIAQzYAQHoAQH4AQOIAgGoAgO4AoHI56kGwAIB0gIkNzdkNjc4YTktZmRmYi00ZjgzLWIwNmYtNmNjNDFkZjk0MDRm2AIF4AIB&ucfs=1&arphpl=1&group_adults=2&req_adults=2&no_rooms=1&group_children=0&req_children=0&hpos=1&hapos=1&sr_order=popularity&srpvid=7b541c0002610061&srepoch=1698292738&from_sustainable_property_sr=1&from=searchresults#hotelTmpl,"3 Rue Aristide Bruant, 18th arr., 75018 Paris, France",LBG,9.0,km,4.0,Le Café Aristide,Monday Closed,Tuesday 5PM-10:30PM,Wednesday 5PM-10:30PM,Thursday 5PM-10:30PM,Friday 5PM-10:30PM,Saturday 12PM-3PM5PM-10:30PM,Sunday 12PM-3PM,48.885328014793,2.33509596546
Novotel Paris Gare De Lyon,https://www.booking.com/hotel/fr/novotel-gare-de-lyon.en-gb.html?aid=304142&label=gen173nr-1FCAQoggJCIXNlYXJjaF9ub3ZvdGVsIHBhcmlzIGdhcmUgZGUgbHlvbkgJWARo-wGIAQGYAQm4ARfIAQzYAQHoAQH4AQOIAgGoAgO4Ao7I56kGwAIB0gIkNTQ4N2JiOWUtZWJmMi00NDVkLWFkNDMtNTY0NmNmMmQ4MWVl2AIF4AIB&ucfs=1&arphpl=1&group_adults=2&req_adults=2&no_rooms=1&group_children=0&req_children=0&hpos=1&hapos=1&sr_order=popularity&srpvid=94301c077e7b00a7&srepoch=1698292751&from_sustainable_property_sr=1&from=searchresults#hotelTmpl,"2 Rue Hector Malot, 12th arr., 75012 Paris, France",ORY,11.0,km,4.0,Olicéa,"Monday 12:00 - 14:30, 19:00 - 22:30","Tuesday 12:00 - 14:30, 19:00 - 22:30","Wednesday 12:00 - 14:30, 19:00 - 22:30","Thursday 12:00 - 14:30, 19:00 - 22:30","Friday 12:00 - 14:30, 19:00 - 22:30",Saturday 19:00 - 22:30,Sunday 19:00 - 22:30,48.845481902929,2.374671652159
Novotel Paris 14 Porte d'Orléans,https://www.booking.com/hotel/fr/paris-porte-d-orleans.en-gb.html?aid=304142&label=gen173nr-1FCAQoggJCJ3NlYXJjaF9ub3ZvdGVsIHBhcmlzIDE0IHBvcnRlIGQnb3JsZWFuc0gJWARo-wGIAQGYAQm4ARfIAQzYAQHoAQH4AQOIAgGoAgO4ApPI56kGwAIB0gIkMTdkNDY4ZTktYmY0MS00YjMxLWIyOWYtOWJjMzg2YzExN2Fk2AIF4AIB&ucfs=1&arphpl=1&group_adults=2&req_adults=2&no_rooms=1&group_children=0&req_children=0&hpos=1&hapos=1&sr_order=popularity&srpvid=d7281c0910a5001c&srepoch=1698292757&from_sustainable_property_sr=1&from=searchresults#hotelTmpl,"15, Boulevard Romain Rolland, 14th arr., 75014 Paris, France",ORY,9.0,km,4.0,DODA,Monday 12PM-2:30PM7PM-10:30PM,Tuesday 12PM-2:30PM7PM-10:30PM,Wednesday 12PM-2:30PM7PM-10:30PM,Thursday 12PM-2:30PM7PM-10:30PM,Friday 12PM-2:30PM7PM-10:30PM,Saturday 7PM-10:30PM,Sunday 7PM-10:30PM,48.820686987052,2.321237997301
Chouchou Hotel,https://www.booking.com/hotel/fr/chouchou-paris.en-gb.html?aid=304142&label=gen173nr-1FCAQoggJCD3NlYXJjaF9jaG91Y2hvdUgJWARo-wGIAQGYAQm4ARfIAQzYAQHoAQH4AQOIAgGoAgO4AtnI56kGwAIB0gIkNjk3ZDk1MGEtNTEyYS00OTliLWFlNGQtNzQ2Mzg0ZmI0N2Ez2AIF4AIB&ucfs=1&arphpl=1&group_adults=2&req_adults=2&no_rooms=1&group_children=0&req_children=0&hpos=1&hapos=1&sr_order=popularity&srpvid=eda11c2cd9b9004f&srepoch=1698292826&from_sustainable_property_sr=1&from=searchresults#hotelTmpl,"11 Rue du Helder, 9th arr., 75009 Paris, France",LBG,10.0,km,4.0,Chouchou Bar Guinguette,Monday 07:00 - 13:45,Tuesday 07:00 - 13:45,Wednesday 07:00 - 13:45,Thursday 07:00 - 13:45,Friday 07:00 - 13:45,Saturday 07:00 - 14:15,Sunday 07:00 - 14:15,48.871940344782,2.334881361207
M Social Hotel Paris Opera,https://www.booking.com/hotel/fr/millenium-hotel-paris-opera.en-gb.html?aid=304142&label=gen173nr-1FCAQoggJCG3NlYXJjaF9tIHNvY2lhbCBob3RlbCBwYXJpc0gJWARo-wGIAQGYAQm4ARfIAQzYAQHoAQH4AQOIAgGoAgO4AoTJ56kGwAIB0gIkZmJlMjdmYzYtYTVhYi00ZDE5LWIzNzQtNjFjMmMyOGYxMDg22AIF4AIB&ucfs=1&arphpl=1&group_adults=2&req_adults=2&no_rooms=1&group_children=0&req_children=0&hpos=1&hapos=1&sr_order=popularity&srpvid=5a9a1c4217930059&srepoch=1698292869&from_sustainable_property_sr=1&from=searchresults#hotelTmpl,"12 Boulevard Haussmann, 9th arr., 75009 Paris, France",LBG,10.0,km,4.0,Brasserie Haussmann,Unknown,Unknown,Unknown,Unknown,Unknown,Unknown,Unknown,,
Hôtel Amastan Paris,https://www.booking.com/hotel/fr/amastan-paris.en-gb.html?aid=304142&label=gen173nr-1FCAQoggJCFHNlYXJjaF9hbWFzdGFuIHBhcmlzSAlYBGj7AYgBAZgBCbgBF8gBDNgBAegBAfgBA4gCAagCA7gClcvnqQbAAgHSAiQxNmU2MjA2Mi0yNWZiLTRiZDgtYWU2MS0zYmZmZGFhNjdiOWTYAgXgAgE&ucfs=1&arphpl=1&group_adults=2&req_adults=2&no_rooms=1&group_children=0&req_children=0&hpos=1&hapos=1&sr_order=popularity&srpvid=d62b1cca984f0124&srepoch=1698293142&from_sustainable_property_sr=1&from=searchresults#hotelTmpl,"34 rue Jean Mermoz, 8th arr., 75008 Paris, France",LBG,11.0,km,4.0,Anouk,Unknown,Unknown,Unknown,Unknown,Unknown,Unknown,Unknown,,
Meliá Paris Vendôme,https://www.booking.com/hotel/fr/melia-vendome-paris.en-gb.html?aid=304142&label=gen173nr-1FCAQoggJCGnNlYXJjaF9tZWxpYSBwYXJpcyB2ZW5kb21lSAlYBGj7AYgBAZgBCbgBF8gBDNgBAegBAfgBA4gCAagCA7gC2svnqQbAAgHSAiQ2NWIwZTAxMS1jNDJhLTQwNDMtYmViYy01ZDk4MzkzNGU4NzXYAgXgAgE&ucfs=1&arphpl=1&group_adults=2&req_adults=2&no_rooms=1&group_children=0&req_children=0&hpos=1&hapos=1&sr_order=popularity&srpvid=4dec1ced51950042&srepoch=1698293212&from_sustainable_property_sr=1&from=searchresults#hotelTmpl,"8 Rue Cambon, 1st arr., 75001 Paris, France",LBG,11.0,km,4.0,LE VENDÔME BAR,UnknownUnknown,Unknown,Unknown,Unknown,Unknown,Unknown,Unknown,,
Le Pigalle Hotel,https://www.booking.com/hotel/fr/le-pigalle-paris2.en-gb.html?aid=304142&label=gen173nr-1FCAQoggJCEXNlYXJjaF9sZSBwaWdhbGxlSAlYBGj7AYgBAZgBCbgBF8gBDNgBAegBAfgBA4gCAagCA7gCicznqQbAAgHSAiQ1MmQwNGMxZS0zNTRhLTRiNjEtYTc2Zi05OTk3Nzk5YmFhNzDYAgXgAgE&ucfs=1&arphpl=1&group_adults=2&req_adults=2&no_rooms=1&group_children=0&req_children=0&hpos=1&hapos=1&sr_order=popularity&srpvid=9ff41d04730401ad&srepoch=1698293258&from_sustainable_property_sr=1&from=searchresults#hotelTmpl,"9 rue frochot, 9th arr., 75009 Paris, France",LBG,9.0,km,4.0,Le Pigalle,Monday 6AM-3AM,Tuesday 6AM-3AM,Wednesday 6AM-3AM,Thursday 6AM-3AM,Friday 6AM-3AM,Saturday 6AM-3AM,Sunday 6AM-3AM,48.88168059751,2.33725419603
Hôtel Le Relais Saint-Germain,https://www.booking.com/hotel/fr/hotel-le-relais-saint-germain.en-gb.html?aid=304142&label=gen173nr-1FCAQoggJCIXNlYXJjaF9ob3RlbCByZWxhaXMgc2FpbnQtZ2VybWFpbkgJWARo-wGIAQGYAQm4ARfIAQzYAQHoAQH4AQOIAgGoAgO4ArLM56kGwAIB0gIkNjM4MTFiMTgtMjVmMS00MDU5LWExMjEtNTFjYmI4MjA5NGM02AIF4AIB&ucfs=1&arphpl=1&group_adults=2&req_adults=2&no_rooms=1&group_children=0&req_children=0&hpos=1&hapos=1&sr_order=popularity&srpvid=3d1b1d193dc40022&srepoch=1698293299&from_sustainable_property_sr=1&from=searchresults#hotelTmpl,"9, Carrefour de l'Odéon, 6th arr., 75006 Paris, France",LBG,12.0,km,4.0,Le Comptoir du Relais,Monday 12PM-11PM,Tuesday 12PM-11PM,Wednesday 12PM-11PM,Thursday 12PM-11PM,Friday 12PM-11PM,Saturday 12PM-11PM,Sunday 12PM-11PM,48.85184061176,2.338771752888
Hôtel Le Ballu,https://www.booking.com/hotel/fr/le-ballu.en-gb.html?aid=304142&label=gen173nr-1FCAQoggJCFXNlYXJjaF9ob3RlbCBsZSBiYWxsdUgJWARo-wGIAQGYAQm4ARfIAQzYAQHoAQH4AQOIAgGoAgO4Ar7M56kGwAIB0gIkMDgzZGY0MWUtNmQxOS00OWIyLTg1MzQtM2EyZTIzYjVhNmI52AIF4AIB&ucfs=1&arphpl=1&group_adults=2&req_adults=2&no_rooms=1&group_children=0&req_children=0&hpos=1&hapos=1&sr_order=popularity&srpvid=c6f71d1f92b7002e&srepoch=1698293312&from_sustainable_property_sr=1&from=searchresults#hotelTmpl,"30 rue Ballu, 9th arr., 75009 Paris, France",LBG,10.0,km,4.0,LE BALLU,Monday 12PM-11PM,Tuesday 12PM-11PM,Wednesday 12PM-11PM,Thursday 12PM-11PM,Friday 12PM-11PM,Saturday 12PM-11PM,Sunday 12PM-11PM,48.882110372777,2.329352009772
Hôtel Thoumieux,https://www.booking.com/hotel/fr/thoumieux-paris.en-gb.html?aid=304142&label=gen173nr-1FCAQoggJCFnNlYXJjaF9ob3RlbCB0aG91bWlldXhICVgEaPsBiAEBmAEJuAEXyAEM2AEB6AEB-AEDiAIBqAIDuAKLzeepBsACAdICJDI5ZWU2NTk5LTVhYWEtNGNlOS1hOGUyLTZmYTFkM2FiMzM3YtgCBeACAQ&ucfs=1&arphpl=1&group_adults=2&req_adults=2&no_rooms=1&group_children=0&req_children=0&hpos=1&hapos=1&sr_order=popularity&srpvid=42cc1d456002011d&srepoch=1698293388&from=searchresults#hotelTmpl,"79 rue Saint-Dominique, 7th arr., 75007 Paris, France",LBG,12.0,km,4.0,Brasserie Thoumieux,Monday 12PM-2:30PM7PM-11PM,Tuesday 12PM-2:30PM7PM-11PM,Wednesday 12PM-2:30PM7PM-11PM,Thursday 12PM-2:30PM7PM-11PM,Friday 12PM-2:30PM7PM-11PM,Saturday 12PM-2:30PM7PM-11PM,Sunday 12PM-2:30PM7PM-11PM,48.859734106406,2.308534786532
"Crowne Plaza Paris République, an IHG Hotel",https://www.booking.com/hotel/fr/holiday-inn-paris-republique.en-gb.html?aid=304142&label=gen173nr-1FCAQoggJCNHNlYXJjaF9jcm93bmUgcGxhemEgcGFyaXMgLSByZXB1YmxpcXVlLCBhbiBpaGcgaG90ZWxICVgEaPsBiAEBmAEJuAEXyAEM2AEB6AEB-AEDiAIBqAIDuALF0OepBsACAdICJDliYmEwOTFkLTdiNTItNDM3MC05NmYzLWE0YjBhYzQ4YjA0NdgCBeACAQ&ucfs=1&arphpl=1&group_adults=2&req_adults=2&no_rooms=1&group_children=0&req_children=0&hpos=1&hapos=1&sr_order=popularity&srpvid=bb261e22ead4000c&srepoch=1698293830&from_sustainable_property_sr=1&from=searchresults#hotelTmpl,"10, Place De La République, 11th arr., 75011 Paris, France",LBG,9.0,km,4.0,LE DIX,Monday 00:00 - 00:00,Tuesday 00:00 - 00:00,Wednesday 00:00 - 00:00,Thursday 00:00 - 00:00,Friday 00:00 - 00:00,Saturday 00:00 - 00:00,Sunday 00:00 - 00:00,48.867386006223,2.365249023943
